{"cameraMode":{"drawMode":0,"name":"Shaded","section":"Shading Mode"},"sceneLighting":true,"audioPlay":false,"sceneViewState":{"m_AlwaysRefresh":false,"showFog":true,"showSkybox":true,"showFlares":true,"showImageEffects":true,"showParticleSystems":true,"showVisualEffectGraphs":true,"m_FxEnabled":true},"in2DMode":false,"pivot":{"x":0.2852941155433655,"y":0.939244270324707,"z":-3.580533504486084},"rotation":{"x":0.001275918330065906,"y":0.9224857687950134,"z":-0.3860129117965698,"w":0.0030461465939879419},"size":6.378119945526123,"orthographic":false}